Timestamp,ECG Data
4,1872
7,1867
11,1872
15,1872
19,1873
23,1873
27,1872
31,1874
35,1878
39,1873
43,1872
47,1873
51,1873
55,1873
59,1862
63,1874
67,1879
71,1876
75,1870
79,1872
83,1877
87,1877
91,1872
95,1881
99,1883
103,1885
107,1872
111,1887
115,1883
119,1887
123,1878
127,1883
131,1890
135,1902
139,1895
143,1889
147,1895
151,1887
155,1891
159,1884
163,1893
167,1898
171,1893
175,1890
179,1900
183,1906
187,1903
191,1895
195,1902
199,1902
203,1906
207,1909
211,1907
215,1917
219,1921
223,1914
227,1904
231,1909
235,1924
239,1914
243,1910
247,1918
251,1927
255,1926
259,1919
263,1926
267,1938
271,1938
275,1927
279,1934
283,1945
287,1942
291,1941
295,1937
299,1950
303,1950
307,1947
311,1944
315,1951
319,1956
323,1950
327,1947
331,1963
335,1963
339,1963
343,1978
347,2000
351,2019
355,2023
359,2029
363,2032
367,2041
371,2033
375,2007
379,2000
383,1991
387,1982
391,1959
395,1945
399,1966
403,1963
407,1965
411,1961
415,1968
419,1968
423,1963
427,1952
431,1953
435,1961
439,1958
443,1952
447,1968
451,1969
455,1923
459,1815
463,1723
467,1773
471,2092
475,2673
479,3525
483,4095
487,4095
491,4095
495,3239
499,2529
503,2135
507,1978
511,1951
515,1951
519,1936
523,1913
527,1887
531,1871
535,1866
539,1847
543,1840
547,1841
551,1856
555,1853
559,1855
563,1858
567,1867
571,1871
575,1862
579,1863
583,1867
587,1906
591,1873
595,1879
599,1888
603,1899
607,1899
611,1903
615,1906
619,1911
623,1887
627,1942
631,1927
635,1936
639,1938
643,1937
647,1950
651,1966
655,1959
659,1969
663,1986
667,1982
671,1997
675,2005
679,2019
683,2032
687,2053
691,2040
695,2064
699,2091
703,2101
707,2116
711,2120
715,2129
719,2143
723,2146
727,2158
731,2167
735,2178
739,2182
743,2181
747,2190
751,2194
755,2185
759,2160
763,2134
767,2105
771,2071
775,2025
779,1997
783,1966
787,1933
791,1902
795,1879
799,1866
803,1857
807,1843
811,1837
815,1838
819,1837
823,1828
827,1819
831,1828
835,1840
839,1834
843,1831
847,1840
851,1851
855,1842
859,1835
863,1837
867,1859
871,1858
875,1846
879,1851
883,1853
887,1857
891,1859
895,1859
899,1863
903,1870
907,1870
911,1857
915,1867
919,1869
923,1872
927,1859
931,1861
935,1871
939,1866
943,1869
947,1869
951,1873
955,1866
959,1872
963,1872
967,1872
971,1873
975,1865
979,1874
983,1885
987,1888
991,1875
995,1879
999,1874
1003,1878
1007,1879
1011,1879
1015,1878
1019,1890
1023,1878
1027,1879
1031,1885
1035,1886
1039,1883
1043,1875
1047,1883
1051,1894
1055,1893
1059,1882
1063,1886
1067,1897
1071,1890
1075,1879
1079,1882
1083,1904
1087,1905
1091,1903
1095,1895
1099,1904
1103,1903
1107,1904
1111,1902
1115,1911
1119,1919
1123,1918
1127,1901
1131,1906
1135,1917
1139,1910
1143,1917
1147,1926
1151,1935
1155,1927
1159,1925
1163,1920
1167,1929
1171,1922
1175,1919
1179,1936
1183,1942
1187,1941
1191,1936
1195,1931
1199,1938
1203,1937
1207,1936
1211,1938
1215,1952
1219,1954
1223,1955
1227,1947
1231,1973
1235,2003
1239,2015
1243,2009
1247,2014
1251,2020
1255,2022
1259,2006
1263,1995
1267,1988
1271,1974
1275,1949
1279,1936
1283,1936
1287,1945
1291,1939
1295,1943
1299,1947
1303,1953
1307,1946
1311,1942
1315,1947
1319,1956
1323,1942
1327,1938
1331,1956
1335,1959
1339,1936
1343,1877
1347,1776
1351,1723
1355,1840
1359,2240
1363,2881
1367,3857
1371,4095
1375,4095
1379,3713
1383,2862
1387,2298
1391,2032
1395,1957
1399,1959
1403,1950
1407,1930
1411,1902
1415,1883
1419,1871
1423,1854
1427,1842
1431,1843
1435,1847
1439,1845
1443,1842
1447,1847
1451,1856
1455,1872
1459,1868
1463,1870
1467,1879
1471,1885
1475,1879
1479,1889
1483,1901
1487,1914
1491,1901
1495,1850
1499,1908
1503,1920
1507,1922
1511,1925
1515,1936
1519,1945
1523,1949
1527,1906
1531,1970
1535,1968
1539,1994
1543,1975
1547,1958
1551,2003
1555,2005
1559,2006
1563,2023
1567,2039
1571,2055
1575,2061
1579,2091
1583,2095
1587,2112
1591,2112
1595,2117
1599,2141
1603,2145
1607,2153
1611,2154
1615,2165
1619,2173
1623,2179
1627,2181
1631,2192
1635,2195
1639,2192
1643,2165
1647,2151
1651,2129
1655,2096
1659,2046
1663,2002
1667,1985
1671,1949
1675,1917
1679,1888
1683,1881
1687,1857
1691,1847
1695,1840
1699,1837
1703,1834
1707,1830
1711,1821
1715,1827
1719,1840
1723,1830
1727,1830
1731,1834
1735,1849
1739,1840
1743,1847
1747,1853
1751,1869
1755,1856
1759,1855
1763,1857
1767,1863
1771,1873
1775,1857
1779,1866
1783,1859
1787,1872
1791,1866
1795,1860
1799,1870
1803,1872
1807,1872
1811,1859
1815,1871
1819,1874
1823,1863
1827,1872
1831,1866
1835,1862
1839,1871
1843,1862
1847,1871
1851,1875
1855,1867
1859,1866
1863,1867
1867,1877
1871,1881
1875,1876
1879,1876
1883,1877
1887,1875
1891,1867
1895,1874
1899,1884
1903,1885
1907,1885
1911,1879
1915,1883
1919,1892
1923,1890
1927,1889
1931,1893
1935,1904
1939,1904
1943,1887
1947,1895
1951,1901
1955,1902
1959,1897
1963,1902
1967,1904
1971,1909
1975,1904
1979,1908
1983,1907
1987,1917
1991,1911
1995,1909
1999,1905
2003,1919
2007,1909
2011,1913
2015,1920
2019,1935
2023,1926
2027,1931
2031,1930
2035,1923
2039,1925
2043,1917
2047,1925
2051,1936
2055,1931
2059,1931
2063,1923
2067,1930
2071,1926
2075,1923
2079,1927
2083,1937
2087,1927
2091,1931
2095,1942
2099,1950
2103,1959
2107,1947
2111,1952
2115,1969
2119,1995
2123,2001
2127,2003
2131,2013
2135,2029
2139,2021
2143,2012
2147,1993
2151,1993
2155,1978
2159,1958
2163,1950
2167,1945
2171,1949
2175,1939
2179,1953
2183,1954
2187,1959
2191,1945
2195,1937
2199,1942
2203,1946
2207,1949
2211,1939
2215,1953
2219,1957
2223,1959
2227,1943
2231,1904
2235,1826
2239,1775
2243,1860
2247,2179
2251,2698
2255,3406
2259,4095
2263,3975
2267,3219
2271,2583
2275,2142
2279,1974
2283,1955
2287,1968
2291,1967
2295,1948
2299,1937
2303,1926
2307,1915
2311,1904
2315,1903
2319,1899
2323,1893
2327,1893
2331,1909
2335,1914
2339,1911
2343,1904
2347,1917
2351,1929
2355,1936
2359,1927
2363,1925
2367,1933
2371,1936
2375,1942
2379,1947
2383,1947
2387,1949
2391,1947
2395,1958
2399,1965
2403,1971
2407,1966
2411,1951
2415,1981
2419,2001
2423,2002
2427,1999
2431,2010
2435,2013
2439,2038
2443,2033
2447,2070
2451,2078
2455,2064
2459,2078
2463,2096
2467,2118
2471,2128
2475,2129
2479,2144
2483,2159
2487,2176
2491,2179
2495,2176
2499,2189
2503,2191
2507,2187
2511,2183
2515,2195
2519,2209
2523,2195
2527,2191
2531,2180
2535,2160
2539,2121
2543,2082
2547,2047
2551,2017
2555,1987
2559,1950
2563,1918
2567,1904
2571,1882
2575,1858
2579,1840
2583,1846
2587,1843
2591,1840
2595,1828
2599,1835
2603,1841
2607,1849
2611,1843
2615,1843
2619,1850
2623,1851
2627,1840
2631,1847
2635,1855
2639,1861
2643,1851
2647,1856
2651,1859
2655,1867
2659,1857
2663,1861
2667,1874
2671,1895
2675,1890
2679,1889
2683,1889
2687,1886
2691,1886
2695,1887
2699,1890
2703,1891
2707,1891
2711,1885
2715,1898
2719,1904
2723,1902
2727,1887
2731,1878
2735,1888
2739,1893
2743,1883
2747,1901
2751,1893
2755,1891
2759,1875
2763,1882
2767,1888
2771,1889
2775,1885
2779,1884
2783,1898
2787,1902
2791,1887
2795,1881
2799,1893
2803,1901
2807,1898
2811,1892
2815,1904
2819,1910
2823,1906
2827,1904
2831,1894
2835,1898
2839,1902
2843,1904
2847,1904
2851,1906
2855,1914
2859,1910
2863,1917
2867,1916
2871,1919
2875,1915
2879,1917
2883,1919
2887,1931
2891,1921
2895,1920
2899,1922
2903,1933
2907,1921
2911,1919
2915,1925
2919,1936
2923,1936
2927,1936
2931,1939
2935,1950
2939,1953
2943,1947
2947,1955
2951,1982
2955,1998
2959,2000
2963,2005
2967,2022
2971,2029
2975,2013
2979,2009
2983,2000
2987,1998
2991,1977
2995,1967
2999,1955
3003,1951
3007,1952
3011,1941
3015,1941
3019,1950
3023,1953
3027,1950
3031,1957
3035,1952
3039,1963
3043,1954
3047,1949
3051,1954
3055,1950
3059,1945
3063,1949
3067,1917
3071,1853
3075,1802
3079,1879
3083,2175
3087,2597
3091,3152
3095,3648
3099,3447
3103,2947
3107,2437
3111,2059
3115,1924
3119,1926
3123,1948
3127,1965
3131,1958
3135,1962
3139,1939
3143,1925
3147,1913
3151,1910
3155,1923
3159,1913
3163,1907
3167,1917
3171,1920
3175,1924
3179,1930
3183,1936
3187,1936
3191,1936
3195,1936
3199,1951
3203,1953
3207,1953
3211,1950
3215,1965
3219,1970
3223,1979
3227,1979
3231,1984
3235,1998
3239,1997
3243,1996
3247,1997
3251,2005
3255,2015
3259,2028
3263,2026
3267,2043
3271,2061
3275,2061
3279,2063
3283,2085
3287,2098
3291,2105
3295,2110
3299,2121
3303,2133
3307,2143
3311,2143
3315,2166
3319,2189
3323,2183
3327,2189
3331,2193
3335,2203
3339,2208
3343,2207
3347,2218
3351,2224
3355,2217
3359,2197
3363,2193
3367,2187
3371,2176
3375,2116
3379,2080
3383,2064
3387,2007
3391,1970
3395,1935
3399,1911
3403,1886
3407,1872
3411,1858
3415,1856
3419,1856
3423,1840
3427,1823
3431,1834
3435,1836
3439,1842
3443,1840
3447,1840
3451,1847
3455,1840
3459,1842
3463,1839
3467,1855
3471,1854
3475,1855
3479,1857
3483,1859
3487,1860
3491,1865
3495,1862
3499,1872
3503,1881
3507,1871
3511,1868
3515,1878
3519,1879
3523,1880
3527,1867
3531,1870
3535,1886
3539,1891
3543,1886
3547,1881
3551,1879
3555,1888
3559,1872
3563,1875
3567,1878
3571,1879
3575,1873
3579,1872
3583,1878
3587,1877
3591,1875
3595,1875
3599,1879
3603,1882
3607,1885
3611,1872
3615,1883
3619,1885
3623,1882
3627,1875
3631,1888
3635,1900
3639,1888
3643,1889
3647,1890
3651,1899
3655,1901
3659,1897
3663,1893
3667,1899
3671,1904
3675,1893
3679,1892
3683,1904
3687,1901
3691,1899
3695,1901
3699,1905
3703,1906
3707,1906
3711,1911
3715,1911
3719,1918
3723,1914
3727,1905
3731,1914
3735,1919
3739,1927
3743,1914
3747,1915
3751,1924
3755,1929
3759,1929
3763,1920
3767,1923
3771,1927
3775,1930
3779,1930
3783,1935
3787,1935
3791,1936
3795,1949
3799,1974
3803,1999
3807,1998
3811,1993
3815,2001
3819,2013
3823,2003
3827,1994
3831,1981
3835,1968
3839,1953
3843,1935
3847,1923
3851,1936
3855,1939
3859,1935
3863,1936
3867,1936
3871,1946
3875,1950
3879,1943
3883,1951
3887,1945
3891,1946
3895,1938
3899,1947
3903,1942
3907,1946
3911,1916
3915,1856
3919,1776
3923,1772
3927,1979
3931,2439
3935,3097
3939,4037
3943,4095
3947,3903
3951,3123
3955,2490
3959,2106
3963,1964
3967,1953
3971,1962
3975,1936
3979,1921
3983,1905
3987,1895
3991,1873
3995,1864
3999,1857
4003,1863
4007,1863
4011,1862
4015,1869
4019,1873
4023,1870
4027,1867
4031,1874
4035,1890
4039,1889
4043,1889
4047,1899
4051,1903
4055,1906
4059,1904
4063,1904
4067,1920
4071,1927
4075,1925
4079,1926
4083,1936
4087,1952
4091,1937
4095,1952
4099,1953
4103,1973
4107,1979
4111,1982
4115,1990
4119,2000
4123,2003
4127,2009
4131,2021
4135,2039
4139,2053
4143,2059
4147,2065
4151,2089
4155,2101
4159,2106
4163,2128
4167,2149
4171,2160
4175,2157
4179,2160
4183,2169
4187,2182
4191,2185
4195,2190
4199,2197
4203,2205
4207,2205
4211,2182
4215,2167
4219,2142
4223,2110
4227,2069
4231,2023
4235,1999
4239,1970
4243,1929
4247,1904
4251,1878
4255,1866
4259,1845
4263,1838
4267,1845
4271,1829
4275,1829
4279,1808
4283,1825
4287,1833
4291,1830
4295,1822
4299,1830
4303,1840
4307,1829
4311,1830
4315,1840
4319,1851
4323,1846
4327,1829
4331,1840
4335,1850
4339,1853
4343,1854
4347,1861
4351,1859
4355,1866
4359,1858
4363,1860
4367,1863
4371,1869
4375,1862
4379,1862
4383,1860
4387,1872
4391,1871
4395,1867
4399,1872
4403,1877
4407,1877
4411,1872
4415,1872
4419,1883
4423,1872
4427,1867
4431,1873
4435,1872
4439,1872
4443,1872
4447,1872
4451,1877
4455,1879
4459,1875
4463,1878
4467,1877
4471,1881
4475,1883
4479,1879
4483,1873
4487,1879
4491,1882
4495,1872
4499,1881
4503,1883
4507,1879
4511,1879
4515,1895
4519,1899
4523,1904
4527,1893
4531,1891
4535,1898
4539,1904
4543,1897
4547,1900
4551,1908
4555,1909
4559,1918
4563,1915
4567,1915
4571,1924
4575,1915
4579,1911
4583,1921
4587,1936
4591,1928
4595,1931
4599,1925
4603,1936
4607,1934
4611,1927
4615,1925
4619,1939
4623,1932
4627,1926
4631,1929
4635,1936
4639,1940
4643,1936
4647,1940
4651,1939
4655,1952
4659,1951
4663,1950
4667,1954
4671,1955
4675,1958
4679,1951
4683,1951
4687,1958
4691,1957
4695,1963
4699,1963
4703,1968
4707,1965
4711,1955
4715,1967
4719,1998
4723,2004
4727,2011
4731,2016
4735,2019
4739,2031
4743,2022
4747,2017
4751,2003
4755,2001
4759,1986
4763,1965
4767,1966
4771,1957
4775,1951
4779,1951
4783,1956
4787,1963
4791,1967
4795,1956
4799,1949
4803,1950
4807,1943
4811,1937
4815,1939
4819,1954
4823,1965
4827,1948
4831,1945
4835,1904
4839,1802
4843,1712
4847,1824
4851,2230
4855,2876
4859,3799
4863,4095
4867,4095
4871,4058
4875,3132
4879,2442
4883,2081
4887,1971
4891,1953
4895,1942
4899,1932
4903,1905
4907,1881
4911,1858
4915,1850
4919,1856
4923,1840
4927,1841
4931,1845
4935,1852
4939,1855
4943,1849
4947,1855
4951,1865
4955,1872
4959,1870
4963,1865
4967,1871
4971,1885
4975,1875
4979,1876
4983,1890
4987,1901
4991,1898
4995,1899
4999,1914
5003,1921
5007,1918
5011,1917
5015,1931
5019,1933
5023,1939
5027,1946
5031,1950
5035,1962
5039,1971
5043,1970
5047,1983
5051,1999
5055,2019
5059,2018
5063,2019
5067,2041
5071,2055
5075,2067
5079,2074
5083,2097
5087,2112
5091,2129
5095,2134
5099,2151
5103,2162
5107,2163
5111,2166
5115,2187
5119,2193
5123,2203
5127,2204
5131,2199
5135,2201
5139,2173
5143,2141
5147,2103
5151,2066
5155,2023
5159,1979
5163,1955
5167,1921
5171,1919
5175,1862
5179,1857
5183,1846
5187,1844
5191,1839
5195,1826
5199,1808
5203,1835
5207,1834
5211,1813
5215,1845
5219,1828
5223,1825
5227,1823
5231,1828
5235,1841
5239,1840
5243,1839
5247,1843
5251,1850
5255,1842
5259,1845
5263,1841
5267,1850
5271,1859
5275,1856
5279,1852
5283,1858
5287,1857
5291,1858
5295,1856
5299,1861
5303,1866
5307,1869
5311,1861
5315,1867
5319,1872
5323,1872
5327,1863
5331,1865
5335,1872
5339,1871
5343,1861
5347,1862
5351,1863
5355,1873
5359,1869
5363,1862
5367,1872
5371,1872
5375,1864
5379,1861
5383,1869
5387,1875
5391,1878
5395,1872
5399,1883
5403,1874
5407,1882
5411,1878
5415,1875
5419,1889
5423,1885
5427,1884
5431,1872
5435,1887
5439,1894
5443,1885
5447,1893
5451,1899
5455,1903
5459,1902
5463,1898
5467,1904
5471,1905
5475,1910
5479,1906
5483,1904
5487,1919
5491,1914
5495,1902
5499,1913
5503,1926
5507,1921
5511,1918
5515,1915
5519,1919
5523,1920
5527,1917
5531,1919
5535,1935
5539,1936
5543,1926
5547,1931
5551,1936
5555,1936
5559,1931
5563,1933
5567,1938
5571,1940
5575,1944
5579,1942
5583,1942
5587,1952
5591,1939
5595,1936
5599,1941
5603,1941
5607,1946
5611,1943
5615,1952
5619,1953
5623,1954
5627,1947
5631,1952
5635,1957
5639,1963
5643,1950
5647,1943
5651,1959
5655,1958
5659,1961
5663,1951
5667,1957
5671,1968
5675,1968
5679,1957
5683,1965
5687,1968
5691,1964
5695,1963
5699,1968
5703,1981
5707,1997
5711,2010
5715,2030
5719,2044
5723,2040
5727,2038
5731,2035
5735,2034
5739,2023
5743,2007
5747,2005
5751,1999
5755,1973
5759,1961
5763,1963
5767,1968
5771,1970
5775,1969
5779,1955
5783,1959
5787,1969
5791,1965
5795,1968
5799,1968
5803,1975
5807,1973
5811,1971
5815,1977
5819,1973
5823,1936
5827,1843
5831,1742
5835,1767
5839,2061
5843,2627
5847,3436
5851,4095
5855,4095
5859,4095
5863,3475
5867,2683
5871,2195
5875,1999
5879,1963
5883,1968
5887,1964
5891,1931
5895,1908
5899,1887
5903,1872
5907,1867
5911,1862
5915,1858
5919,1871
5923,1872
5927,1858
5931,1856
5935,1870
5939,1875
5943,1871
5947,1874
5951,1883
5955,1889
5959,1885
5963,1890
5967,1899
5971,1905
5975,1905
5979,1901
5983,1909
5987,1919
5991,1931
5995,1925
5999,1926
6003,1936
6007,1937
6011,1938
6015,1949
6019,1967
6023,1968
6027,1970
6031,1982
6035,1998
6039,2000
6043,2005
6047,2017
6051,2032
6055,2047
6059,2058
6063,2069
6067,2086
6071,2107
6075,2111
6079,2134
6083,2128
6087,2227
6091,2138
6095,2166
6099,2187
6103,2187
6107,2192
6111,2192
6115,2226
6119,2197
6123,2230
6127,2199
6131,2154
6135,2118
6139,2093
6143,2032
6147,1999
6151,1966
6155,1936
6159,1905
6163,1873
6167,1860
6171,1859
6175,1845
6179,1823
6183,1823
6187,1819
6191,1814
6195,1808
6199,1829
6203,1825
6207,1827
6211,1824
6215,1823
6219,1840
6223,1842
6227,1842
6231,1840
6235,1844
6239,1843
6243,1840
6247,1840
6251,1845
6255,1855
6259,1852
6263,1851
6267,1859
6271,1858
6275,1845
6279,1850
6283,1850
6287,1855
6291,1861
6295,1850
6299,1857
6303,1870
6307,1867
6311,1863
6315,1859
6319,1859
6323,1869
6327,1855
6331,1862
6335,1870
6339,1872
6343,1870
6347,1863
6351,1870
6355,1870
6359,1866
6363,1865
6367,1872
6371,1883
6375,1877
6379,1873
6383,1872
6387,1882
6391,1878
6395,1871
6399,1872
6403,1875
6407,1878
6411,1879
6415,1889
6419,1895
6423,1891
6427,1881
6431,1887
6435,1893
6439,1891
6443,1888
6447,1887
6451,1904
6455,1906
6459,1904
6463,1897
6467,1904
6471,1905
6475,1904
6479,1900
6483,1902
6487,1904
6491,1915
6495,1907
6499,1913
6503,1919
6507,1910
6511,1909
6515,1915
6519,1911
6523,1914
6527,1919
6531,1923
6535,1931
6539,1935
6543,1936
6547,1925
6551,1936
6555,1937
6559,1938
6563,1934
6567,1947
6571,1953
6575,1945
6579,1941
6583,1939
6587,1947
6591,1952
6595,1943
6599,1951
6603,1955
6607,1951
6611,1941
6615,1953
6619,1966
6623,1967
6627,1966
6631,1979
6635,2001
6639,2016
6643,2023
6647,2019
6651,2034
6655,2038
6659,2032
6663,2011
6667,2002
6671,1959
6675,1974
6679,1953
6683,1951
6687,1968
6691,1954
6695,1949
6699,1963
6703,1965
6707,1966
6711,1967
6715,1962
6719,1966
6723,1962
6727,1951
6731,1953
6735,1959
6739,1966
6743,1963
6747,1938
6751,1895
6755,1808
6759,1766
6763,1895
6767,2271
6771,2831
6775,3602
6779,4095
6783,3889
6787,3150
6791,2510
6795,2102
6799,1974
6803,1962
6807,1969
6811,1967
6815,1957
6819,1936
6823,1927
6827,1904
6831,1891
6835,1904
6839,1893
6843,1886
6847,1891
6851,1899
6855,1899
6859,1898
6863,1901
6867,1911
6871,1911
6875,1914
6879,1905
6883,1920
6887,1936
6891,1936
6895,1935
6899,1944
6903,1952
6907,1955
6911,1941
6915,1955
6919,1977
6923,1987
6927,1978
6931,1974
6935,1985
6939,2000
6943,2003
6947,2015
6951,2021
6955,2030
6959,2039
6963,2043
6967,2064
6971,2080
6975,2087
6979,2096
6983,2108
6987,2128
6991,2144
6995,2154
6999,2172
7003,2183
7007,2192
7011,2165
7015,2210
7019,2222
7023,2170
7027,2219
7031,2224
7035,2227
7039,2231
7043,2192
7047,2196
7051,2223
7055,2167
7059,2128
7063,2082
7067,2035
7071,2000
7075,1962
7079,1936
7083,1919
7087,1911
7091,1886
7095,1853
7099,1831
7103,1851
7107,1846
7111,1840
7115,1839
7119,1835
7123,1825
7127,1815
7131,1827
7135,1837
7139,1847
7143,1845
7147,1840
7151,1829
7155,1847
7159,1842
7163,1846
7167,1856
7171,1865
7175,1862
7179,1863
7183,1859
7187,1872
7191,1867
7195,1865
7199,1872
7203,1882
7207,1880
7211,1870
7215,1879
7219,1879
7223,1886
7227,1877
7231,1875
7235,1882
7239,1889
7243,1890
7247,1880
7251,1883
7255,1887
7259,1878
7263,1872
7267,1883
7271,1884
7275,1892
7279,1886
7283,1889
7287,1885
7291,1879
7295,1873
7299,1877
7303,1889
7307,1894
7311,1883
7315,1889
7319,1895
7323,1898
7327,1894
7331,1898
7335,1907
7339,1908
7343,1904
7347,1899
7351,1904
7355,1904
7359,1903
7363,1904
7367,1909
7371,1909
7375,1908
7379,1909
7383,1921
7387,1917
7391,1920
7395,1917
7399,1921
7403,1929
7407,1936
7411,1930
7415,1929
7419,1927
7423,1938
7427,1934
7431,1936
7435,1939
7439,1947
7443,1937
7447,1937
7451,1942
7455,1946
7459,1937
7463,1935
7467,1938
7471,1945
7475,1945
7479,1939
7483,1949
7487,1952
7491,1949
7495,1953
7499,1953
7503,1963
7507,1980
7511,1983
7515,2001
7519,2010
7523,2007
7527,2007
7531,2011
7535,2013
7539,2006
7543,1989
7547,1968
7551,1969
7555,1961
7559,1935
7563,1936
7567,1942
7571,1955
7575,1959
7579,1946
7583,1941
7587,1943
7591,1938
7595,1940
7599,1947
7603,1953
7607,1954
7611,1946
7615,1939
7619,1947
7623,1936
7627,1887
7631,1807
7635,1759
7639,1882
7643,2202
7647,2684
7651,3334
7655,3955
7659,3678
7663,3065
7667,2509
7671,2112
7675,1945
7679,1919
7683,1941
7687,1953
7691,1950
7695,1921
7699,1904
7703,1904
7707,1893
7711,1891
7715,1888
7719,1889
7723,1882
7727,1893
7731,1903
7735,1904
7739,1915
7743,1907
7747,1907
7751,1921
7755,1935
7759,1926
7763,1920
7767,1923
7771,1933
7775,1936
7779,1934
7783,1946
7787,1961
7791,1970
7795,1953
7799,1956
7803,1968
7807,1981
7811,1983
7815,1991
7819,2002
7823,2009
7827,2011
7831,2022
7835,2027
7839,2038
7843,2053
7847,2057
7851,2081
7855,2095
7859,2108
7863,2113
7867,2125
7871,2146
7875,2157
7879,2167
7883,2176
7887,2199
7891,2207
7895,2203
7899,2210
7903,2221
7907,2224
7911,2227
7915,2190
7919,2224
7923,2213
7927,2194
7931,2154
7935,2117
7939,2081
7943,2032
7947,2000
7951,1963
7955,1951
7959,1926
7963,1903
7967,1846
7971,1851
7975,1837
7979,1823
7983,1827
7987,1834
7991,1825
7995,1814
7999,1825
8003,1831
8007,1835
8011,1826
8015,1827
8019,1827
8023,1835
8027,1834
8031,1839
8035,1841
8039,1851
8043,1847
8047,1847
8051,1855
8055,1856
8059,1856
8063,1856
8067,1861
8071,1875
8075,1870
8079,1869
8083,1859
8087,1874
8091,1877
8095,1874
8099,1874
8103,1892
8107,1887
8111,1883
8115,1878
8119,1873
8123,1886
8127,1892
8131,1885
8135,1892
8139,1877
8143,1887
8147,1881
8151,1874
8155,1883
8159,1879
8163,1874
8167,1886
8171,1894
8175,1895
8179,1881
8183,1890
8187,1887
8191,1890
8195,1893
8199,1893
8203,1898
8207,1902
8211,1888
8215,1892
8219,1902
8223,1909
8227,1903
8231,1899
8235,1905
8239,1904
8243,1901
8247,1891
8251,1905
8255,1917
8259,1913
8263,1904
8267,1911
8271,1923
8275,1919
8279,1906
8283,1921
8287,1925
8291,1921
8295,1914
8299,1905
8303,1915
8307,1917
8311,1909
8315,1920
8319,1923
8323,1929
8327,1917
8331,1916
8335,1930
8339,1933
8343,1934
8347,1920
8351,1936
8355,1938
8359,1933
8363,1935
8367,1936
8371,1943
8375,1940
8379,1935
8383,1943
8387,1945
8391,1947
8395,1936
8399,1946
8403,1946
8407,1951
8411,1955
8415,1969
8419,1990
8423,2010
8427,2000
8431,2009
8435,2019
8439,2030
8443,2017
8447,2004
8451,2000
8455,1986
8459,1981
8463,1952
8467,1950
8471,1955
8475,1955
8479,1946
8483,1954
8487,1955
8491,1955
8495,1946
8499,1951
8503,1959
8507,1959
8511,1952
8515,1952
8519,1962
8523,1968
8527,1963
8531,1936
8535,1871
8539,1776
8543,1760
8547,1942
8551,2429
8555,3105
8559,4081
8563,4095
8567,4095
8571,3419
8575,2694
8579,2196
8583,1998
8587,1952
8591,1961
8595,1942
8599,1927
8603,1905
8607,1894
8611,1873
8615,1862
8619,1861
8623,1868
8627,1861
8631,1861
8635,1862
8639,1871
8643,1869
8647,1869
8651,1878
8655,1887
8659,1885
8663,1888
8667,1895
8671,1904
8675,1901
8679,1887
8683,1901
8687,1906
8691,1923
8695,1915
8699,1919
8703,1920
8707,1932
8711,1936
8715,1938
8719,1943
8723,1952
8727,1968
8731,1968
8735,1983
8739,1977
8743,1985
8747,1998
8751,2002
8755,2019
8759,2025
8763,2031
8767,2047
8771,2076
8775,2084
8779,2094
8783,2112
8787,2130
8791,2147
8795,2158
8799,2161
8803,2176
8807,2186
8811,2186
8815,2197
8819,2211
8823,2224
8827,2214
8831,2197
8835,2173
8839,2156
8843,2147
8847,2088
8851,2037
8855,2000
8859,1969
8863,1936
8867,1904
8871,1894
8875,1874
8879,1847
8883,1841
8887,1835
8891,1836
8895,1818
8899,1819
8903,1828
8907,1823
8911,1824
8915,1815
8919,1830
8923,1837
8927,1824
8931,1820
8935,1831
8939,1840
8943,1841
8947,1838
8951,1849
8955,1857
8959,1855
8963,1846
8967,1854
8971,1865
8975,1866
8979,1853
8983,1856
8987,1872
8991,1872
8995,1867
8999,1867
9003,1866
9007,1879
9011,1875
9015,1874
9019,1883
9023,1885
9027,1875
9031,1874
9035,1878
9039,1883
9043,1874
9047,1867
9051,1873
9055,1883
9059,1883
9063,1887
9067,1886
9071,1892
9075,1893
9079,1879
9083,1886
9087,1898
9091,1893
9095,1891
9099,1886
9103,1890
9107,1903
9111,1898
9115,1899
9119,1899
9123,1902
9127,1895
9131,1895
9135,1904
9139,1902
9143,1897
9147,1898
9151,1906
9155,1909
9159,1904
9163,1903
9167,1904
9171,1914
9175,1915
9179,1914
9183,1914
9187,1923
9191,1923
9195,1923
9199,1920
9203,1929
9207,1923
9211,1925
9215,1924
9219,1936
9223,1934
9227,1935
9231,1922
9235,1934
9239,1940
9243,1936
9247,1931
9251,1946
9255,1945
9259,1937
9263,1938
9267,1942
9271,1945
9275,1950
9279,1936
9283,1939
9287,1951
9291,1947
9295,1941
9299,1941
9303,1939
9307,1950
9311,1944
9315,1941
9319,1954
9323,1961
9327,1948
9331,1948
9335,1963
9339,1982
9343,2006
9347,2015
9351,2017
9355,2017
9359,2019
9363,2013
9367,2017
9371,2013
9375,1999
9379,1981
9383,1975
9387,1968
9391,1955
9395,1953
9399,1955
9403,1967
9407,1965
9411,1962
9415,1960
9419,1964
9423,1962
9427,1959
9431,1959
9435,1955
9439,1967
9443,1968
9447,1965
9451,1956
9455,1913
9459,1813
9463,1712
9467,1777
9471,2160
9475,2779
9479,3678
9483,4095
9487,4095
9491,4095
9495,3335
9499,2581
9503,2150
9507,1984
9511,1949
9515,1943
9519,1941
9523,1923
9527,1891
9531,1869
9535,1860
9539,1858
9543,1853
9547,1845
9551,1854
9555,1858
9559,1854
9563,1853
9567,1859
9571,1868
9575,1867
9579,1866
9583,1871
9587,1878
9591,1886
9595,1882
9599,1883
9603,1894
9607,1899
9611,1895
9615,1899
9619,1905
9623,1911
9627,1919
9631,1919
9635,1927
9639,1938
9643,1938
9647,1934
9651,1953
9655,1959
9659,1968
9663,1965
9667,1981
9671,1994
9675,2002
9679,2005
9683,2025
9687,2042
9691,2045
9695,2067
9699,2080
9703,2101
9707,2113
9711,2125
9715,2138
9719,2158
9723,2166
9727,2182
9731,2191
9735,2199
9739,2206
9743,2208
9747,2207
9751,2193
9755,2207
9759,2163
9763,2139
9767,2099
9771,2064
9775,2023
9779,1982
9783,1949
9787,1927
9791,1927
9795,1891
9799,1854
9803,1859
9807,1842
9811,1830
9815,1821
9819,1824
9823,1823
9827,1819
9831,1823
9835,1827
9839,1834
9843,1828
9847,1818
9851,1824
9855,1839
9859,1837
9863,1833
9867,1827
9871,1842
9875,1835
9879,1831
9883,1840
9887,1853
9891,1856
9895,1850
9899,1857
9903,1864
9907,1857
9911,1857
9915,1859
9919,1863
9923,1863
9927,1861
9931,1863
9935,1869
9939,1875
9943,1872
9947,1866
9951,1869
9955,1872
9959,1872
9963,1861
9967,1868
9971,1879
9975,1877
9979,1872
9983,1872
9987,1874
9991,1872
9995,1872
9999,1872
10003,1875
10007,1873
10011,1872
10015,1872
10019,1885
10023,1875
10027,1881
10031,1875
10035,1884
10039,1887
10043,1882
10047,1880
10051,1879
10055,1884
10059,1885
10063,1878
10067,1884
10071,1899
10075,1890
10079,1887
10083,1885
10087,1903
10091,1904
10095,1904
10099,1907
10103,1914
10107,1920
10111,1906
10115,1904
10119,1918
10123,1922
10127,1915
10131,1911
10135,1917
10139,1919
10143,1921
10147,1914
10151,1922
10155,1923
10159,1920
10163,1923
10167,1920
10171,1925
10175,1926
10179,1924
10183,1925
10187,1942
10191,1941
10195,1936
10199,1927
10203,1936
10207,1937
10211,1942
10215,1935
10219,1936
10223,1937
10227,1933
10231,1932
10235,1939
10239,1946
10243,1945
10247,1942
10251,1943
10255,1950
10259,1947
10263,1942
10267,1950
10271,1971
10275,1998
10279,2010
10283,2011
10287,2015
10291,2017
10295,2015
10299,2001
10303,1992
10307,1991
10311,1969
10315,1967
10319,1955
10323,1938
10327,1936
10331,1935
10335,1938
10339,1944
10343,1939
10347,1940
10351,1946
10355,1951
10359,1942
10363,1934
10367,1951
10371,1946
10375,1954
10379,1939
10383,1935
10387,1886
10391,1785
10395,1712
10399,1827
10403,2221
10407,2821
10411,3671
10415,4095
10419,4095
10423,3632
10427,2827
10431,2262
10435,2007
10439,1957
10443,1951
10447,1943
10451,1931
10455,1911
10459,1890
10463,1867
10467,1859
10471,1859
10475,1855
10479,1861
10483,1861
10487,1863
10491,1869
10495,1869
10499,1858
10503,1872
10507,1887
10511,1874
10515,1880
10519,1891
10523,1893
10527,1905
10531,1903
10535,1904
10539,1910
10543,1919
10547,1920
10551,1922
10555,1927
10559,1936
10563,1945
10567,1953
10571,1957
10575,1956
10579,1968
10583,1978
10587,1985
10591,1998
10595,2000
10599,2012
10603,2031
10607,2039
10611,2037
10615,2054
10619,2077
10623,2090
10627,2103
10631,2110
10635,2130
10639,2151
10643,2157
10647,2160
10651,2175
10655,2192
10659,2210
10663,2203
10667,2203
10671,2223
10675,2224
10679,2208
10683,2195
10687,2191
10691,2126
10695,2135
10699,2109
10703,2091
10707,2031
10711,2000
10715,1936
10719,1920
10723,1927
10727,1877
10731,1861
10735,1856
10739,1853
10743,1841
10747,1835
10751,1832
10755,1846
10759,1843
10763,1818
10767,1825
10771,1834
10775,1845
10779,1838
10783,1837
10787,1842
10791,1850
10795,1842
10799,1841
10803,1855
10807,1858
10811,1855
10815,1856
10819,1858
10823,1867
10827,1866
10831,1863
10835,1872
10839,1875
10843,1872
10847,1872
10851,1872
10855,1878
10859,1872
10863,1867
10867,1861
10871,1870
10875,1875
10879,1861
10883,1863
10887,1874
10891,1879
10895,1872
10899,1874
10903,1876
10907,1882
10911,1869
10915,1869
10919,1879
10923,1887
10927,1876
10931,1875
10935,1877
10939,1891
10943,1893
10947,1883
10951,1885
10955,1893
10959,1897
10963,1889
10967,1894
10971,1911
10975,1906
10979,1893
10983,1889
10987,1898
10991,1911
10995,1904
10999,1906
11003,1903
11007,1909
11011,1904
11015,1914
11019,1919
11023,1926
11027,1911
11031,1907
11035,1907
11039,1923
11043,1922
11047,1920
11051,1920
11055,1936
11059,1932
11063,1922
11067,1919
11071,1931
11075,1926
11079,1932
11083,1937
11087,1939
11091,1939
11095,1936
11099,1929
11103,1942
11107,1947
11111,1941
11115,1935
11119,1950
11123,1946
11127,1950
11131,1945
11135,1961
11139,1983
11143,2006
11147,2017
11151,2017
11155,2025
11159,2037
11163,2032
11167,2023
11171,2015
11175,1997
11179,1983
11183,1966
11187,1973
11191,1957
11195,1942
11199,1941
11203,1950
11207,1951
11211,1949
11215,1953
11219,1967
11223,1962
11227,1951
11231,1952
11235,1966
11239,1959
11243,1957
11247,1951
11251,1966
11255,1958
11259,1891
11263,1795
11267,1788
11271,1955
11275,2335
11279,2861
11283,3553
11287,3953
11291,3472
11295,2864
11299,2320
11303,2017
11307,1941
11311,1938
11315,1963
11319,1968
11323,1951
11327,1942
11331,1920
11335,1922
11339,1922
11343,1925
11347,1905
11351,1913
11355,1922
11359,1934
11363,1921
11367,1920
11371,1925
11375,1931
11379,1936
11383,1933
11387,1941
11391,1949
11395,1951
11399,1953
11403,1967
11407,1975
11411,1967
11415,1969
11419,1979
11423,1991
11427,1996
11431,1993
11435,2006
11439,2007
11443,2015
11447,2023
11451,2011
11455,2034
11459,2053
11463,2059
11467,2064
11471,2079
11475,2086
11479,2087
11483,2101
11487,2112
11491,2127
11495,2137
11499,2148
11503,2171
11507,2187
11511,2192
11515,2192
11519,2210
11523,2223
11527,2219
11531,2224
11535,2226
11539,2238
11543,2238
11547,2227
11551,2215
11555,2198
11559,2177
11563,2135
11567,2106
11571,2080
11575,2034
11579,1987
11583,1973
11587,1907
11591,1920
11595,1885
11599,1866
11603,1850
11607,1842
11611,1845
11615,1835
11619,1850
11623,1855
11627,1827
11631,1863
11635,1831
11639,1843
11643,1844
11647,1842
11651,1840
11655,1842
11659,1842
11663,1851
11667,1854
11671,1871
11675,1872
11679,1851
11683,1847
11687,1856
11691,1863
11695,1859
11699,1857
11703,1871
11707,1885
11711,1872
11715,1872
11719,1871
11723,1882
11727,1882
11731,1873
11735,1883
11739,1879
11743,1869
11747,1869
11751,1872
11755,1875
11759,1883
11763,1879
11767,1882
11771,1887
11775,1882
11779,1868
11783,1870
11787,1877
11791,1892
11795,1874
11799,1874
11803,1882
11807,1878
11811,1872
11815,1873
11819,1888
11823,1888
11827,1885
11831,1882
11835,1875
11839,1890
11843,1893
11847,1887
11851,1885
11855,1899
11859,1889
11863,1878
11867,1890
11871,1897
11875,1895
11879,1892
11883,1899
11887,1903
11891,1901
11895,1891
11899,1894
11903,1907
11907,1909
11911,1915
11915,1914
11919,1918
11923,1931
11927,1954
11931,1968
11935,1978
11939,1985
11943,1987
11947,1985
11951,1984
11955,1973
11959,1961
11963,1946
11967,1937
11971,1925
11975,1920
11979,1910
11983,1911
11987,1926
11991,1926
11995,1919
11999,1907
12003,1920
12007,1924
12011,1926
12015,1916
12019,1922
12023,1930
12027,1927
12031,1922
12035,1925
12039,1935
12043,1902
12047,1822
12051,1759
12055,1793
12059,2032
12063,2470
12067,3056
12071,3806
12075,3947
12079,3328
12083,2731
12087,2225
12091,1980
12095,1913
12099,1927
12103,1939
12107,1937
12111,1913
12115,1904
12119,1883
12123,1872
12127,1874
12131,1874
12135,1875
12139,1882
12143,1887
12147,1875
12151,1878
12155,1893
12159,1893
12163,1886
12167,1900
12171,1911
12175,1910
12179,1904
12183,1904
12187,1915
12191,1925
12195,1919
12199,1920
12203,1933
12207,1937
12211,1935
12215,1946
12219,1954
12223,1968
12227,1968
12231,1973
12235,1982
12239,1996
12243,1998
12247,2000
12251,2011
12255,2031
12259,2039
12263,2043
12267,2059
12271,2074
12275,2087
12279,2096
12283,2103
12287,2127
12291,2141
12295,2154
12299,2161
12303,2178
12307,2192
12311,2192
12315,2197
12319,2217
12323,2224
12327,2225
12331,2224
12335,2215
12339,2211
12343,2191
12347,2147
12351,2107
12355,2077
12359,2033
12363,1988
12367,1952
12371,1929
12375,1893
12379,1867
12383,1837
12387,1837
12391,1826
12395,1826
12399,1810
12403,1820
12407,1825
12411,1817
12415,1819
12419,1826
12423,1828
12427,1817
12431,1820
12435,1823
12439,1829
12443,1837
12447,1826
12451,1839
12455,1842
12459,1847
12463,1842
12467,1845
12471,1859
12475,1860
12479,1846
12483,1856
12487,1861
12491,1869
12495,1867
12499,1866
12503,1869
12507,1850
12511,1874
12515,1845
12519,1871
12523,1872
12527,1872
12531,1862
12535,1870
12539,1901
12543,1867
12547,1873
12551,1868
12555,1879
12559,1883
12563,1871
12567,1872
12571,1877
12575,1873
12579,1863
12583,1872
12587,1882
12591,1893
12595,1883
12599,1874
12603,1879
12607,1891
12611,1882
12615,1877
12619,1885
12623,1889
12627,1883
12631,1878
12635,1889
12639,1904
12643,1905
12647,1902
12651,1901
12655,1898
12659,1904
12663,1902
12667,1897
12671,1911
12675,1909
12679,1904
12683,1904
12687,1911
12691,1915
12695,1912
12699,1913
12703,1915
12707,1925
12711,1920
12715,1919
12719,1922
12723,1922
12727,1926
12731,1921
12735,1929
12739,1936
12743,1930
12747,1920
12751,1923
12755,1936
12759,1936
12763,1936
12767,1939
12771,1947
12775,1947
12779,1953
12783,1970
12787,1994
12791,2007
12795,2009
12799,2007
12803,2013
12807,2011
12811,2000
12815,1984
12819,1979
12823,1969
12827,1958
12831,1938
12835,1934
12839,1941
12843,1941
12847,1937
12851,1936
12855,1940
12859,1947
12863,1936
12867,1934
12871,1939
12875,1942
12879,1943
12883,1937
12887,1954
12891,1955
12895,1945
12899,1905
12903,1825
12907,1738
12911,1776
12915,2071
12919,2624
12923,3376
12927,4095
12931,4095
12935,3987
12939,3157
12943,2486
12947,2096
12951,1954
12955,1956
12959,1957
12963,1936
12967,1915
12971,1894
12975,1880
12979,1859
12983,1849
12987,1855
12991,1854
12995,1858
12999,1856
13003,1868
13007,1862
13011,1857
13015,1856
13019,1867
13023,1890
13027,1883
13031,1881
13035,1894
13039,1904
13043,1895
13047,1894
13051,1902
13055,1905
13059,1913
13063,1910
13067,1918
13071,1933
13075,1933
13079,1937
13083,1948
13087,1956
13091,1955
13095,1962
13099,1965
13103,1973
13107,1983
13111,1994
13115,1997
13119,2007
13123,2030
13127,2042
13131,2046
13135,2070
13139,2095
13143,2102
13147,2112
13151,2122
13155,2151
13159,2159
13163,2162
13167,2176
13171,2192
13175,2197
13179,2194
13183,2210
13187,2215
13191,2224
13195,2215
13199,2195
13203,2179
13207,2158
13211,2112
13215,2074
13219,2038
13223,2000
13227,1957
13231,1925
13235,1904
13239,1890
13243,1870
13247,1856
13251,1851
13255,1845
13259,1846
13263,1835
13267,1841
13271,1847
13275,1842
13279,1837
13283,1840
13287,1851
13291,1857
13295,1840
13299,1850
13303,1853
13307,1856
13311,1857
13315,1855
13319,1858
13323,1872
13327,1858
13331,1851
13335,1850
13339,1860
13343,1870
13347,1868
13351,1867
13355,1872
13359,1865
13363,1861
13367,1859
13371,1872
13375,1872
13379,1870
13383,1869
13387,1873
13391,1883
13395,1872
13399,1873
13403,1878
13407,1878
13411,1880
13415,1838
13419,1882
13423,1879
13427,1882
13431,1869
13435,1872
13439,1874
13443,1883
13447,1871
13451,1877
13455,1913
13459,1834
13463,1889
13467,1869
13471,1884
13475,1887
13479,1879
13483,1872
13487,1879
13491,1891
13495,1893
13499,1889
13503,1890
13507,1873
13511,1883
13515,1887
13519,1893
13523,1895
13527,1898
13531,1891
13535,1891
13539,1905
13543,1907
13547,1889
13551,1902
13555,1904
13559,1908
13563,1904
13567,1905
13571,1911
13575,1911
13579,1912
13583,1920
13587,1921
13591,1930
13595,1910
13599,1912
13603,1919
13607,1919
13611,1910
13615,1907
13619,1920
13623,1925
13627,1922
13631,1921
13635,1919
13639,1933
13643,1924
13647,1922
13651,1927
13655,1936
13659,1936
13663,1923
13667,1927
13671,1935
13675,1934
13679,1935
13683,1936
13687,1936
13691,1939
13695,1936
13699,1926
13703,1936
13707,1942
13711,1947
13715,1950
13719,1951
13723,1959
13727,1968
13731,1983
13735,2000
13739,2014
13743,2013
13747,2013
13751,2013
13755,2018
13759,2003
13763,1995
13767,1984
13771,1973
13775,1961
13779,1940
13783,1945
13787,1943
13791,1948
13795,1955
13799,1943
13803,1947
13807,1947
13811,1950
13815,1938
13819,1941
13823,1951
13827,1956
13831,1951
13835,1957
13839,1968
13843,1940
13847,1872
13851,1761
13855,1712
13859,1877
13863,2337
13867,3025
13871,4090
13875,4095
13879,4095
13883,3917
13887,3008
13891,2373
13895,2047
13899,1943
13903,1939
13907,1939
13911,1927
13915,1885
13919,1877
13923,1868
13927,1849
13931,1837
13935,1846
13939,1844
13943,1845
13947,1843
13951,1843
13955,1849
13959,1851
13963,1854
13967,1858
13971,1865
13975,1873
13979,1872
13983,1871
13987,1877
13991,1877
13995,1879
13999,1887
14003,1899
14007,1900
14011,1903
14015,1904
14019,1907
14023,1913
14027,1927
14031,1929
14035,1923
14039,1938
14043,1951
14047,1949
14051,1955
14055,1974
14059,1980
14063,1979
14067,1989
14071,2001
14075,2030
14079,2032
14083,2041
14087,2064
14091,2082
14095,2094
14099,2103
14103,2121
14107,2139
14111,2157
14115,2160
14119,2176
14123,2187
14127,2192
14131,2192
14135,2205
14139,2210
14143,2202
14147,2186
14151,2160
14155,2139
14159,2107
14163,2066
14167,2031
14171,1988
14175,1953
14179,1904
14183,1881
14187,1872
14191,1859
14195,1840
14199,1831
14203,1826
14207,1829
14211,1825
14215,1823
14219,1831
14223,1825
14227,1830
14231,1828
14235,1841
14239,1840
14243,1837
14247,1832
14251,1840
14255,1840
14259,1846
14263,1838
14267,1840
14271,1845
14275,1856
14279,1841
14283,1840
14287,1849
14291,1852
14295,1854
14299,1853
14303,1862
14307,1866
14311,1856
14315,1854
14319,1867
14323,1872
14327,1861
14331,1856
14335,1859
14339,1870
14343,1859
14347,1861
14351,1865
14355,1873
14359,1867
14363,1865
14367,1872
14371,1868
14375,1872
14379,1867
14383,1859
14387,1866
14391,1872
14395,1870
14399,1861
14403,1875
14407,1876
14411,1883
14415,1878
14419,1872
14423,1878
14427,1885
14431,1881
14435,1881
14439,1904
14443,1895
14447,1898
14451,1904
14455,1899
14459,1899
14463,1897
14467,1898
14471,1903
14475,1910
14479,1904
14483,1900
14487,1904
14491,1902
14495,1904
14499,1896
14503,1899
14507,1907
14511,1920
14515,1904
14519,1907
14523,1915
14527,1919
14531,1917
14535,1923
14539,1925
14543,1918
14547,1914
14551,1920
14555,1931
14559,1931
14563,1915
14567,1923
14571,1936
14575,1927
14579,1922
14583,1925
14587,1930
14591,1941
14595,1931
14599,1934
14603,1932
14607,1939
14611,1936
14615,1935
14619,1941
14623,1943
14627,1940
14631,1936
14635,1943
14639,1950
14643,1949
14647,1940
14651,1950
14655,1959
14659,1967
14663,1955
14667,1955
14671,1962
14675,1987
14679,2007
14683,2014
14687,2027
14691,2034
14695,2035
14699,2029
14703,2031
14707,2032
14711,2018
14715,1995
14719,1984
14723,1974
14727,1967
14731,1954
14735,1967
14739,1971
14743,1961
14747,1958
14751,1958
14755,1971
14759,1968
14763,1977
14767,1967
14771,1969
14775,1967
14779,1966
14783,1965
14787,1973
14791,1954
14795,1871
14799,1773
14803,1743
14807,1939
14811,2421
14815,3119
14819,4095
14823,4095
14827,4095
14831,3504
14835,2709
14839,2217
14843,1998
14847,1958
14851,1962
14855,1958
14859,1937
14863,1907
14867,1885
14871,1878
14875,1874
14879,1871
14883,1861
14887,1872
14891,1872
14895,1867
14899,1870
14903,1877
14907,1878
14911,1882
14915,1883
14919,1890
14923,1904
14927,1901
14931,1897
14935,1911
14939,1913
14943,1921
14947,1927
14951,1935
14955,1931
14959,1934
14963,1936
14967,1936
14971,1959
14975,1968
14979,1969
14983,1963
14987,1974
14991,1986
14995,1995
14999,2000
15003,2015
15007,2019
15011,2030
15015,2032
15019,2047
15023,2067
15027,2090
15031,2096
15035,2113
15039,2131
15043,2143
15047,2153
15051,2163
15055,2176
15059,2183
15063,2194
15067,2206
15071,2224
15075,2231
15079,2226
15083,2222
15087,2224
15091,2224
15095,2203
15099,2165
15103,2142
15107,2107
15111,2064
15115,2002
15119,1979
15123,1950
15127,1918
15131,1887
15135,1873
15139,1861
15143,1850
15147,1831
15151,1837
15155,1835
15159,1834
15163,1825
15167,1825
15171,1838
15175,1840
15179,1840
15183,1840
15187,1848
15191,1849
15195,1842
15199,1854
15203,1855
15207,1861
15211,1866
15215,1856
15219,1858
15223,1866
15227,1872
15231,1865
15235,1863
15239,1867
15243,1872
15247,1865
15251,1871
15255,1875
15259,1883
15263,1876
15267,1877
15271,1888
15275,1877
15279,1882
15283,1873
15287,1879
15291,1890
15295,1888
15299,1888
15303,1886
15307,1886
15311,1879
15315,1879
15319,1886
15323,1886
15327,1886
15331,1877
15335,1885
15339,1895
15343,1895
15347,1887
15351,1889
15355,1894
15359,1898
15363,1891
15367,1885
15371,1891
15375,1898
15379,1883
15383,1882
15387,1891
15391,1895
15395,1888
15399,1889
15403,1891
15407,1900
15411,1897
15415,1895
15419,1901
15423,1904
15427,1904
15431,1899
15435,1904
15439,1914
15443,1909
15447,1909
15451,1909
15455,1919
15459,1920
15463,1918
15467,1915
15471,1920
15475,1933
15479,1933
15483,1923
15487,1920
15491,1936
15495,1935
15499,1934
15503,1939
15507,1941
15511,1934
15515,1921
15519,1931
15523,1938
15527,1936
15531,1931
15535,1937
15539,1939
15543,1937
15547,1936
15551,1938
15555,1957
15559,1959
15563,1954
15567,1954
15571,1955
15575,1957
15579,1950
15583,1958
15587,1986
15591,2019
15595,2021
15599,2021
15603,2027
15607,2029
15611,2033
15615,2032
15619,2026
15623,2019
15627,2000
15631,1978
15635,1967
15639,1963
15643,1967
15647,1965
15651,1967
15655,1969
15659,1974
15663,1969
15667,1967
15671,1975
15675,1978
15679,1967
15683,1967
15687,1973
15691,1979
15695,1974
15699,1974
15703,1967
15707,1932
15711,1841
15715,1778
15719,1861
15723,2167
15727,2635
15731,3263
15735,3963
15739,3823
15743,3188
15747,2579
15751,2145
15755,1973
15759,1942
15763,1957
15767,1968
15771,1970
15775,1953
15779,1938
15783,1930
15787,1915
15791,1913
15795,1910
15799,1904
15803,1907
15807,1920
15811,1921
15815,1916
15819,1934
15823,1936
15827,1936
15831,1931
15835,1936
15839,1951
15843,1949
15847,1957
15851,1958
15855,1963
15859,1955
15863,1955
15867,1963
15871,1975
15875,1983
15879,1977
15883,1993
15887,2000
15891,2010
15895,2011
15899,2015
15903,2021
15907,2033
15911,2038
15915,2038
15919,2062
15923,2078
15927,2085
15931,2082
15935,2111
15939,2127
15943,2130
15947,2128
15951,2151
15955,2174
15959,2190
15963,2194
15967,2202
15971,2213
15975,2215
15979,2218
15983,2226
15987,2234
15991,2233
15995,2224
15999,2221
16003,2223
16007,2203
16011,2170
16015,2133
16019,2101
16023,2070
16027,2017
16031,1975
16035,1947
16039,1923
16043,1895
16047,1863
16051,1859
16055,1862
16059,1860
16063,1841
16067,1831
16071,1836
16075,1840
16079,1843
16083,1843
16087,1845
16091,1847
16095,1843
16099,1831
16103,1842
16107,1850
16111,1853
16115,1855
16119,1871
16123,1872
16127,1863
16131,1857
16135,1872
16139,1875
16143,1872
16147,1867
16151,1869
16155,1879
16159,1887
16163,1887
16167,1893
16171,1891
16175,1894
16179,1889
16183,1888
16187,1899
16191,1900
16195,1890
16199,1895
16203,1898
16207,1887
16211,1886
16215,1874
16219,1883
16223,1892
16227,1882
16231,1887
16235,1890
16239,1885
16243,1895
16247,1883
16251,1889
16255,1898
16259,1901
16263,1890
16267,1898
16271,1901
16275,1902
16279,1897
16283,1904
16287,1901
16291,1904
16295,1903
16299,1892
16303,1907
16307,1904
16311,1903
16315,1902
16319,1909
16323,1911
16327,1909
16331,1904
16335,1919
16339,1921
16343,1917
16347,1908
16351,1911
16355,1929
16359,1923
16363,1920
16367,1915
16371,1919
16375,1922
16379,1911
16383,1919
16387,1926
16391,1937
16395,1936
16399,1927
16403,1927
16407,1936
16411,1941
16415,1951
16419,1981
16423,1996
16427,1987
16431,1989
16435,1995
16439,2000
16443,1995
16447,1979
16451,1962
16455,1962
16459,1949
16463,1929
16467,1916
16471,1920
16475,1923
16479,1926
16483,1925
16487,1926
16491,1936
16495,1930
16499,1920
16503,1926
16507,1922
16511,1962
16515,1927
16519,1929
16523,1937
16527,1933
16531,1927
16535,1889
16539,1827
16543,1777
16547,1826
16551,2032
16555,2479
16559,3077
16563,3809
16567,3941
16571,3377
16575,2783
16579,2254
16583,1980
16587,1920
16591,1935
16595,1942
16599,1922
16603,1918
16607,1906
16611,1900
16615,1878
16619,1875
16623,1877
16627,1885
16631,1870
16635,1867
16639,1887
16643,1894
16647,1882
16651,1885
16655,1893
16659,1901
16663,1904
16667,1906
16671,1915
16675,1933
16679,1921
16683,1922
16687,1924
16691,1937
16695,1931
16699,1936
16703,1939
16707,1950
16711,1955
16715,1959
16719,1971
16723,1983
16727,1990
16731,1999
16735,2000
16739,2010
16743,2016
16747,2019
16751,2033
16755,2045
16759,2065
16763,2070
16767,2070
16771,2098
16775,2112
16779,2124
16783,2139
16787,2160
16791,2179
16795,2186
16799,2183
16803,2202
16807,2221
16811,2224
16815,2220
16819,2224
16823,2241
16827,2228
16831,2214
16835,2194
16839,2171
16843,2134
16847,2096
16851,2046
16855,2018
16859,1980
16863,1936
16867,1902
16871,1877
16875,1868
16879,1855
16883,1839
16887,1837
16891,1843
16895,1837
16899,1830
16903,1831
16907,1837
16911,1826
16915,1820
16919,1831
16923,1841
16927,1837
16931,1826
16935,1834
16939,1834
16943,1841
16947,1840
16951,1839
16955,1848
16959,1856
16963,1856
16967,1857
16971,1867
16975,1872
16979,1865
16983,1865
16987,1867
16991,1874
16995,1872
16999,1862
17003,1872
17007,1872
17011,1875
17015,1871
17019,1866
17023,1883
17027,1881
17031,1872
17035,1872
17039,1881
17043,1881
17047,1875
17051,1872
17055,1883
17059,1881
17063,1877
17067,1872
17071,1881
17075,1882
17079,1877
17083,1877
17087,1889
17091,1893
17095,1895
17099,1877
17103,1891
17107,1897
17111,1894
17115,1889
17119,1893
17123,1899
17127,1903
17131,1888
17135,1887
17139,1897
17143,1904
17147,1903
17151,1904
17155,1904
17159,1911
17163,1905
17167,1904
17171,1913
17175,1911
17179,1910
17183,1916
17187,1917
17191,1918
17195,1916
17199,1904
17203,1914
17207,1930
17211,1919
17215,1917
17219,1922
17223,1926
17227,1935
17231,1923
17235,1923
17239,1935
17243,1933
17247,1936
17251,1935
17255,1937
17259,1937
17263,1943
17267,1936
17271,1941
17275,1943
17279,1939
17283,1936
17287,1939
17291,1951
17295,1935
17299,1938
17303,1937
17307,1943
17311,1947
17315,1941
17319,1949
17323,1959
17327,1957
17331,1955
17335,1954
17339,1957
17343,1966
17347,1952
17351,1957
17355,1968
17359,1963
17363,1967
17367,1977
17371,2003
17375,2016
17379,2015
17383,2015
17387,2031
17391,2032
17395,2027
17399,2007
17403,2000
17407,1996
17411,1981
17415,1973
17419,1956
17423,1955
17427,1968
17431,1949
17435,1951
17439,1916
17443,1966
17447,1953
17451,1947
17455,1957
17459,1959
17463,1968
17467,1961
17471,1968
17475,1963
17479,1968
17483,1949
17487,1887
17491,1792
17495,1747
17499,1903
17503,2346
17507,2994
17511,3934
17515,4095
17519,4095
17523,3669
17527,2871
17531,2293
17535,2020
17539,1950
17543,1951
17547,1938
17551,1915
17555,1905
17559,1884
17563,1865
17567,1855
17571,1855
17575,1853
17579,1858
17583,1849
17587,1867
17591,1872
17595,1866
17599,1861
17603,1866
17607,1872
17611,1874
17615,1873
17619,1885
17623,1903
17627,1904
17631,1900
17635,1898
17639,1895
17643,1904
17647,1904
17651,1914
17655,1919
17659,1932
17663,1925
17667,1921
17671,1936
17675,1946
17679,1947
17683,1951
17687,1962
17691,1973
17695,1984
17699,1981
17703,1989
17707,2002
17711,2019
17715,2021
17719,2037
17723,2066
17727,2081
17731,2096
17735,2103
17739,2121
17743,2132
17747,2143
17751,2151
17755,2171
17759,2190
17763,2189
17767,2192
17771,2203
17775,2218
17779,2211
17783,2201
17787,2195
17791,2178
17795,2144
17799,2106
17803,2066
17807,2033
17811,1993
17815,1954
17819,1929
17823,1905
17827,1877
17831,1857
17835,1845
17839,1851
17843,1846
17847,1838
17851,1829
17855,1838
17859,1840
17863,1838
17867,1840
17871,1835
17875,1839
17879,1838
17883,1838
17887,1842
17891,1840
17895,1843
17899,1840
17903,1848
17907,1854
17911,1862
17915,1855
17919,1850
17923,1856
17927,1861
17931,1856
17935,1855
17939,1862
17943,1866
17947,1863
17951,1863
17955,1869
17959,1871
17963,1867
17967,1870
17971,1875
17975,1879
17979,1870
17983,1863
17987,1872
17991,1872
17995,1871
17999,1865
18003,1872
18007,1879
18011,1875
18015,1866
18019,1873
18023,1875
18027,1881
18031,1883
18035,1883
18039,1890
18043,1889
18047,1894
18051,1891
18055,1898
18059,1902
18063,1899
18067,1890
18071,1902
18075,1899
18079,1901
18083,1895
18087,1903
18091,1915
18095,1914
18099,1905
18103,1905
18107,1908
18111,1904
18115,1903
18119,1906
18123,1914
18127,1918
18131,1906
18135,1906
18139,1917
18143,1919
18147,1918
18151,1917
18155,1925
18159,1922
18163,1925
18167,1923
18171,1931
18175,1936
18179,1929
18183,1934
18187,1933
18191,1942
18195,1935
18199,1934
18203,1936
18207,1939
18211,1936
18215,1932
18219,1938
18223,1947
18227,1951
18231,1945
18235,1942
18239,1955
18243,1954
18247,1951
18251,1936
18255,1943
18259,1947
18263,1950
18267,1943
18271,1951
18275,1957
18279,1949
18283,1946
18287,1961
18291,1959
18295,1961
18299,1951
18303,1947
18307,1953
18311,1965
18315,1962
18319,1955
18323,1966
18327,1964
18331,1955
18335,1964
18339,1968
18343,2010
18347,1984
18351,1991
18355,1999
18359,2001
18363,1965
18367,1957
18371,1985
18375,1968
18379,1973
18383,1974
18387,2011
18391,1994
18395,2005
18399,2027
18403,2032
18407,2039
18411,2044
18415,2039
18419,2043
18423,2033
18427,2027
18431,2012
18435,1994
18439,1983
18443,1968
18447,1965
18451,1956
18455,1960
18459,1974
18463,1970
18467,1968
18471,1981
18475,1968
18479,1974
18483,1966
18487,1968
18491,1983
18495,1974
18499,1970
18503,1971
18507,1956
18511,1888
18515,1781
18519,1745
18523,1968
18527,2477
18531,3187
18535,4095
18539,4095
18543,4095
18547,3799
18551,2901
18555,2320
18559,2039
18563,1965
18567,1959
18571,1963
18575,1936
18579,1913
18583,1883
18587,1874
18591,1872
18595,1858
18599,1855
18603,1853
18607,1866
18611,1872
18615,1863
18619,1863
18623,1882
18627,1872
18631,1872
18635,1872
18639,1882
18643,1893
18647,1898
18651,1883
18655,1895
18659,1895
18663,1898
18667,1900
18671,1907
18675,1918
18679,1920
18683,1915
18687,1922
18691,1936
18695,1936
18699,1939
18703,1947
18707,1968
18711,1968
18715,1966
18719,1974
18723,1984
18727,2000
18731,2000
18735,2017
18739,2038
18743,2047
18747,2058
18751,2065
18755,2086
18759,2102
18763,2118
18767,2127
18771,2139
18775,2153
18779,2160
18783,2171
18787,2176
18791,2192
18795,2203
18799,2202
18803,2209
18807,2212
18811,2201
18815,2178
18819,2149
18823,2122
18827,2093
18831,2034
18835,1998
18839,1971
18843,1950
18847,1911
18851,1882
18855,1872
18859,1859
18863,1847
18867,1840
18871,1834
18875,1838
18879,1827
18883,1827
18887,1840
18891,1839
18895,1840
18899,1841
18903,1843
18907,1851
18911,1857
18915,1845
18919,1842
18923,1844
18927,1846
18931,1855
18935,1847
18939,1866
18943,1854
18947,1857
18951,1854
18955,1858
18959,1853
18963,1856
18967,1855
18971,1860
18975,1863
18979,1856
18983,1856
18987,1861
18991,1859
18995,1866
18999,1867
19003,1869
19007,1875
19011,1875
19015,1869
19019,1871
19023,1877
19027,1872
19031,1869
19035,1861
19039,1862
19043,1872
19047,1871
19051,1872
19055,1869
19059,1876
19063,1872
19067,1871
19071,1872
19075,1878
19079,1879
19083,1872
19087,1872
19091,1882
19095,1885
19099,1872
19103,1883
19107,1888
19111,1884
19115,1885
19119,1885
19123,1898
19127,1891
19131,1889
19135,1901
19139,1903
19143,1903
19147,1890
19151,1894
19155,1904
19159,1904
19163,1904
19167,1904
19171,1909
19175,1918
19179,1919
19183,1904
19187,1908
19191,1902
19195,1917
19199,1907
19203,1919
19207,1921
19211,1923
19215,1917
19219,1911
19223,1924
19227,1935
19231,1920
19235,1920
19239,1929
19243,1933
19247,1937
19251,1935
19255,1940
19259,1936
19263,1936
19267,1933
19271,1970
19275,1948
19279,1937
19283,1923
19287,1940
19291,1950
19295,1951
19299,1930
19303,1919
19307,1940
19311,1966
19315,1969
19319,1959
19323,1951
19327,1955
19331,1942
19335,1943
19339,1943
19343,1950
19347,1943
19351,1962
19355,1967
19359,1971
19363,1966
19367,1959
19371,1981
19375,2003
19379,2015
19383,2016
19387,2021
19391,2030
19395,2026
19399,2016
19403,2014
19407,1995
19411,1986
19415,1972
19419,1955
19423,1959
19427,1968
19431,1959
19435,1953
19439,1966
19443,1975
19447,1966
19451,1963
19455,1963
19459,1977
19463,1969
19467,1966
19471,1974
19475,1981
19479,1985
19483,1959
19487,1905
19491,1815
19495,1779
19499,1893
19503,2247
19507,2784
19511,3503
19515,4095
19519,3877
19523,3168
19527,2544
19531,2130
19535,1965
19539,1945
19543,1968
19547,1966
19551,1953
19555,1937
19559,1925
19563,1911
19567,1903
19571,1903
19575,1906
19579,1894
19583,1889
19587,1894
19591,1895
19595,1898
19599,1906
19603,1909
19607,1916
19611,1926
19615,1930
19619,1929
19623,1942
19627,1936
19631,1936
19635,1946
19639,1950
19643,1959
19647,1954
19651,1949
19655,1959
19659,1969
19663,1970
19667,1983
19671,1984
19675,2002
19679,2010
19683,2006
19687,2005
19691,2014
19695,2032
19699,2042
19703,2058
19707,2064
19711,2077
19715,2071
19719,2079
19723,2103
19727,2118
19731,2133
19735,2142
19739,2165
19743,2176
19747,2174
19751,2176
19755,2186
19759,2209
19763,2217
19767,2210
19771,2203
19775,2209
19779,2206
19783,2193
19787,2192
19791,2172
19795,2138
19799,2101
19803,2065
19807,2039
19811,2001
19815,1965
19819,1926
19823,1915
19827,1904
19831,1888
19835,1867
19839,1858
19843,1851
19847,1843
19851,1830
19855,1840
19859,1845
19863,1843
19867,1841
19871,1846
19875,1851
19879,1841
19883,1842
19887,1841
19891,1851
19895,1853
19899,1847
19903,1855
19907,1865
19911,1860
19915,1856
19919,1854
19923,1868
19927,1868
19931,1862
19935,1859
19939,1869
19943,1879
19947,1876
19951,1870
19955,1872
19959,1872
19963,1877
19967,1879
19971,1882
19975,1889
19979,1882
19983,1871
19987,1873
19991,1878
19995,1872
